<?xml version="1.0" encoding="UTF8" ?>
<!DOCTYPE mapper
        PUBLIC "-//mybatis.org//DTD Mapper 3.0//EN"
        "http://mybatis.org/dtd/mybatis-3-mapper.dtd">
<mapper namespace="com.example.web.mapper.PMapper">
    <!--    判断是否存在-name-->
    <select id="getByName" resultType="com.example.web.entity.Permission">
        select * from tb_limit where limitName = #{limitName}
    </select>
    <!--    判断是否存在-id-->
    <select id="getById" resultType="com.example.web.entity.Permission">
        select * from tb_limit where id = #{id}
    </select>
    <!--    查询-->
    <select id="getAll" resultType="com.example.web.entity.Permission">
        select * from tb_limit
    </select>
    <!--    增-->
    <insert id="add" parameterType="com.example.web.entity.Permission">
        insert into tb_limit(limitName,description,url) values (#{limitName},#{description},#{url})
    </insert>
    <!--    修改-->
    <update id="update" parameterType="com.example.web.entity.Permission">
        update tb_limit set limitName = #{limitName},description = #{description},url = #{url} where id = #{id}
    </update>
    <!--    删除-->
    <delete id="del" parameterType="com.example.web.entity.Permission">
        delete from tb_limit where id = #{id};
    </delete>

</mapper>
