<?xml version="1.0" encoding="UTF8" ?>
<!DOCTYPE mapper
        PUBLIC "-//mybatis.org//DTD Mapper 3.0//EN"
        "http://mybatis.org/dtd/mybatis-3-mapper.dtd">
<mapper namespace="com.example.web.mapper.RMapper">
    <!--    判断是否存在-name-->
    <select id="getByName" resultType="com.example.web.entity.Role">
        select * from tb_role where roleName = #{roleName}
    </select>
    <!--    判断是否存在-id-->
    <select id="getById" resultType="com.example.web.entity.Role">
        select * from tb_role where id = #{id}
    </select>
    <!--    查询-->
    <select id="getAll" resultType="com.example.web.entity.Role">
        select * from tb_role
    </select>
    <!--    增-->
    <insert id="add" parameterType="com.example.web.entity.Role">
        insert into tb_role(roleName,descriptionR) values (#{roleName},#{descriptionR})
    </insert>
    <!--    修改-->
    <update id="update" parameterType="com.example.web.entity.Role">
        update tb_role set roleName = #{roleName},descriptionR = #{descriptionR} where id = #{id}
    </update>
    <!--    删除-->
    <delete id="del" parameterType="com.example.web.entity.Role">
        delete from tb_role where id = #{id};
    </delete>

</mapper>
