<?xml version="1.0" encoding="UTF8" ?>
<!DOCTYPE mapper
        PUBLIC "-//mybatis.org//DTD Mapper 3.0//EN"
        "http://mybatis.org/dtd/mybatis-3-mapper.dtd">
<mapper namespace="com.example.web.mapper.UMapper">
<!--    判断是否存在-name-->
    <select id="getByName" resultType="com.example.web.entity.User">
        select * from tb_user where loginName = #{loginName}
    </select>
<!--    判断是否存在-id-->
    <select id="getById" resultType="com.example.web.entity.User">
        select * from tb_user where id = #{id}
    </select>
<!--    查询-->
    <select id="getAll" resultType="com.example.web.entity.User">
        select * from tb_user
    </select>
<!--    增-->
    <insert id="add" parameterType="com.example.web.entity.User">
        insert into tb_user(loginName,password) values (#{loginName},#{password})
    </insert>
<!--    修改-->
    <update id="update" parameterType="com.example.web.entity.User">
        update tb_user set loginName = #{loginName},password = #{password} where id = #{id}
    </update>
<!--    删除-->
    <delete id="del" parameterType="com.example.web.entity.User">
        delete from tb_user where id = #{id};
    </delete>
<!--    登录-->
    <select id="login" parameterType="com.example.web.entity.User" resultType="com.example.web.entity.User">
        select * from tb_user where loginName = #{loginName} and password = #{password}
    </select>
<!--    判断是否存在该用户名和密码-->
    <select id="getByNameAndPwd" parameterType="com.example.web.entity.User" resultType="com.example.web.entity.User">
        select * from tb_user where loginName = #{loginName} and password = #{password}
    </select>
</mapper>
